user_id,name,email,signup_date
1,Rebecca Phillips,sandra39@gmail.com,2023-04-28T22:16:41
2,Bailey Lopez,mcdowelldiane@knapp-brown.com,2022-01-22T07:07:14
3,Emily Thomas,stephen83@yahoo.com,2024-06-06T14:51:52
4,Corey Rodriguez,fmedina@romero.com,2022-11-21T14:05:59
5,Larry Collier,gonzalezjacob@stevens-cook.org,2025-03-17T09:36:32
6,Michael Wood,nataliebradley@johnson-parsons.com,2024-09-19T20:48:50
7,Sharon Joseph,frostrobert@gmail.com,2023-04-10T19:00:55
8,Dominic Cruz,maldonadovictoria@maldonado.org,2022-11-04T13:33:49
9,Curtis Anderson,brendalawson@johnson.com,2024-12-19T11:56:18
10,Nathan Rogers,fordjeffrey@murphy-brooks.net,2023-12-08T02:48:00
11,Kimberly Boyd,johnsonlori@beck.com,2021-06-30T15:48:37
12,Lisa Brown,bcruz@mcgrath.com,2022-10-28T18:11:37
13,Christine Patel,marissa69@yahoo.com,2022-12-09T01:03:28
14,Peter Sweeney,gonzalesmegan@hotmail.com,2020-09-20T17:27:03
15,Robin Stuart,jessicasanchez@gmail.com,2022-03-15T07:23:56
16,Jesus Russell,xmoon@perkins.com,2025-02-17T04:41:35
17,Donna Orozco,stephanie01@gmail.com,2021-08-20T07:00:23
18,Gary Proctor,zcross@kennedy-becker.com,2021-11-08T21:20:39
19,Patricia Hubbard,daniellecampbell@gmail.com,2024-07-07T04:23:05
20,Victor Webb,xharris@hotmail.com,2024-09-24T20:12:33
21,Victoria Rios,evargas@yahoo.com,2020-02-06T09:28:18
22,Ms. Lori Thompson,rodriguezpaul@tanner-harris.com,2024-01-23T20:32:36
23,Jeffrey Schwartz,karen88@wong.biz,2021-06-20T14:27:59
24,Joshua Peters,brandoncarrillo@welch-novak.biz,2022-04-16T20:49:17
25,Linda Hess,petersonnicholas@oconnor-golden.com,2022-12-11T04:25:11
26,Deborah Cook,olopez@hotmail.com,2020-01-19T14:16:11
27,Erica Richards,robert93@yahoo.com,2024-10-31T04:35:50
28,Travis Owens,marysimpson@jones-charles.com,2024-04-26T13:27:52
29,Michael Miller,perkinskeith@hotmail.com,2024-03-14T20:32:56
30,Tracy Howard,guerrerobobby@price.biz,2022-04-28T12:51:36
31,Shawn Howard,kimberly65@gmail.com,2024-03-03T01:36:14
32,Dana Shields,leefrank@hotmail.com,2022-11-10T15:39:29
33,Mary Eaton,uroberts@flowers-shelton.net,2023-04-07T00:46:29
34,Destiny Lawrence,henrysuzanne@gmail.com,2020-06-15T23:45:28
35,Amanda Martinez,markslindsey@yahoo.com,2021-07-07T08:58:04
36,Melissa Martinez,kennedyashley@yahoo.com,2021-10-14T07:36:26
37,William Arnold,xsmith@rios.com,2022-04-14T01:13:57
38,Bryan Wilson,raymond83@rivera-johnson.com,2024-03-14T17:26:59
39,Carrie Pearson,amy35@johnson-dodson.com,2020-09-20T18:17:23
40,Daniel Bryant,kevin76@yahoo.com,2021-11-24T20:27:11
41,Jordan Moore,prattjason@hotmail.com,2022-12-22T18:52:52
42,Shannon Kirby,scook@yahoo.com,2021-03-20T02:13:45
43,Amy Glenn,jamessmith@yahoo.com,2022-09-01T00:48:04
44,Tiffany Garza,nmcbride@pierce-baxter.com,2020-01-07T04:34:13
45,Abigail Bennett,scisneros@fitzgerald-stokes.com,2025-04-09T00:13:12
46,Sharon Gardner,gpratt@gmail.com,2021-10-09T09:08:30
47,Aimee Collins,cardenascynthia@jones-craig.com,2023-06-23T18:45:46
48,Joshua Jordan,hwilliamson@smith.net,2023-10-25T10:45:22
49,Karen Santana,yperkins@yahoo.com,2023-01-06T02:55:40
50,Karen Odonnell,umoore@horne.com,2020-07-20T20:54:00
51,Lance Harris,xhayes@rodriguez-murphy.com,2023-06-18T09:49:28
52,Martha Jackson,qbrown@gmail.com,2021-05-30T08:15:53
53,Robert Wise,meyerjoseph@gmail.com,2025-01-04T09:35:03
54,Philip Lopez,eestes@montes.com,2024-04-17T02:50:29
55,Jennifer Jones,davidbeasley@johnson.com,2020-07-19T21:02:47
56,Matthew Baker,browncindy@brown.com,2021-03-31T14:01:49
57,Alexandria Brown,mckenziejohn@flynn.net,2024-08-11T03:45:27
58,Cheryl Henry,daniel03@jenkins.com,2024-11-04T01:11:18
59,William Andrews,elaine29@bailey.com,2021-07-29T14:50:02
60,Christy Daugherty,amandachapman@young.com,2021-06-25T20:09:10
61,Katrina Anderson,jaclyn15@walsh-haley.com,2022-04-30T13:49:57
62,Jared Brown,changgregory@murphy-schwartz.com,2023-08-04T05:36:20
63,Dr. Adam Joseph,nicholas83@gmail.com,2025-03-15T10:17:22
64,Chad Rubio,makayla25@gmail.com,2020-12-16T22:01:28
65,Katie Cross,wellsangela@yahoo.com,2025-03-03T03:24:28
66,Rachel Fisher,deborahjohnston@patterson.com,2022-07-10T05:31:05
67,Diana Cummings,henrysara@gmail.com,2022-06-28T16:12:20
68,Johnathan Jimenez,nguyenchristopher@mcbride.org,2024-02-25T10:10:00
69,Heather Mccarty,ooconnor@torres.org,2025-01-17T01:32:24
70,Yvonne Cortez,joseph54@webb.com,2020-09-13T13:52:14
71,Patrick Hampton,jhouston@smith.com,2023-04-30T06:51:40
72,Troy Daniel,aluna@hotmail.com,2020-02-28T08:47:45
73,Dawn Valdez,sboyer@ryan-rush.com,2023-04-26T20:28:15
74,Carmen Nelson,sgoodwin@dudley-murphy.com,2021-04-14T05:10:07
75,Christopher Scott,fuentesbrian@hotmail.com,2025-02-21T10:46:39
76,Melissa Bruce,michellebarajas@roberts.biz,2021-03-15T05:32:57
77,Nancy Leon,blin@hotmail.com,2022-06-21T16:05:12
78,Christopher Pittman,ramirezandrew@morris.info,2021-10-20T02:57:03
79,Scott Baker,bjohnson@hotmail.com,2022-12-29T12:31:13
80,Matthew Davenport,bsmith@hernandez.com,2024-09-21T19:24:17
81,Courtney Pollard,angelasimpson@yahoo.com,2021-11-20T00:27:07
82,Tammy Davis,tcarroll@gmail.com,2022-07-22T09:25:55
83,Randall Johnson,harrisbrittany@bush-fuller.net,2022-03-09T14:54:14
84,Michael Harrington,jennathompson@gmail.com,2022-12-22T20:17:51
85,James Thompson,mcmillantracie@little.com,2021-04-29T11:09:54
86,Donna Hendricks,david68@cherry.biz,2024-05-18T00:30:42
87,Phillip Hahn,slee@gmail.com,2024-01-04T20:16:03
88,Nancy Hernandez,frederickbuchanan@gallegos.info,2020-02-20T17:24:21
89,Amy Flowers,stephenkhan@gmail.com,2022-07-10T03:49:50
90,Victor Sanders,vholt@larsen-buckley.com,2021-07-01T05:50:06
91,Karen Perez,richard16@hotmail.com,2020-02-17T04:15:42
92,Troy Richards,daviddavis@fisher.com,2024-08-02T20:12:21
93,Danny Holloway,erika10@yahoo.com,2025-02-09T10:24:23
94,Cynthia Newton,ymccoy@lee-diaz.biz,2020-05-23T01:24:43
95,Shane Palmer,albert84@yahoo.com,2024-08-11T18:18:42
96,Jordan Smith,lfitzpatrick@mata.com,2020-11-24T18:34:30
97,Ruben Short,andrerobinson@arias.net,2024-12-22T03:30:52
98,Krista Williams,hernandezmichael@gmail.com,2023-04-07T09:53:51
99,Dawn Bishop,kristy24@gmail.com,2020-07-11T01:18:19
100,Amanda Campbell,doughertysonya@thomas.com,2025-02-19T14:31:54
101,Jared Baldwin,jeffreyharris@allen.info,2020-07-01T01:52:01
102,Stephanie Cooper,kyle87@gmail.com,2025-03-25T02:35:30
103,Carrie Lutz,carterjames@gmail.com,2021-07-01T02:51:38
104,Andrew Lopez,markproctor@mcpherson.biz,2021-09-01T23:13:52
105,John Luna,sbowers@hotmail.com,2021-08-25T13:08:17
106,Jamie Carpenter,floreszachary@yahoo.com,2024-01-31T18:38:13
107,Victoria Nelson,jason59@yahoo.com,2020-04-21T20:21:23
108,Raymond Gray,rodriguezjohn@miles-johnson.net,2025-02-18T03:36:03
109,Jane Miller,robertvance@ashley.net,2023-01-16T12:01:38
110,Brandy Carter,pamela23@hotmail.com,2021-11-09T22:27:20
111,Joseph Clark,nboyer@hotmail.com,2021-10-09T01:30:34
112,Richard Stephens,bwolf@harris.com,2022-09-26T18:00:01
113,Edward Roberson,sandraspears@jackson-clay.info,2022-07-10T15:54:59
114,Sheena Tran,robertsoncalvin@yahoo.com,2023-08-30T04:22:57
115,Samuel Delacruz,ruthsanford@collins.org,2023-09-23T06:56:49
116,Barbara Bradley,jason45@medina-sanchez.org,2024-06-20T06:32:01
117,Cheyenne Bonilla,ruizeric@mayo.com,2020-05-18T14:45:42
118,Lawrence Taylor,andrea53@hotmail.com,2021-10-06T21:53:10
119,Samantha Patel,mitchelljacqueline@proctor-brown.com,2020-11-03T05:24:50
120,Kelly Hess,patricia51@johnson-russell.biz,2023-12-07T02:01:57
121,Chris Dillon,elizabeth89@anderson.com,2020-02-05T09:19:58
122,Nicholas Jones,matthew72@yahoo.com,2024-07-23T04:46:09
123,Samantha Thompson,adamspaul@gmail.com,2023-07-19T00:31:51
124,Paula Peterson,megancortez@ramirez.com,2024-11-06T18:41:20
125,John Knight,hmitchell@peterson-ramirez.net,2020-05-05T02:48:26
126,Amanda Madden,zvargas@ford-ward.com,2022-02-10T03:49:15
127,Douglas Williams,gwilliams@yahoo.com,2023-11-01T19:08:36
128,Robert Schultz,maryhenry@gates.com,2021-08-23T14:38:38
129,John Rodriguez,fieldsstacy@yahoo.com,2020-07-30T23:29:19
130,Mrs. Lindsey Powell PhD,nicole75@gmail.com,2020-11-14T05:18:46
131,Donna Cox,april15@gmail.com,2020-11-09T07:15:00
132,Tina Gibson,maxwell75@frazier.biz,2024-06-05T08:19:31
133,Renee David,taranichols@brown.biz,2022-10-11T06:58:51
134,Craig Manning,kelly81@barnett-mack.com,2022-09-25T17:09:04
135,Tony Lynn,amber50@murphy-young.net,2022-01-14T22:48:12
136,Rebecca Baker,strongregina@gmail.com,2023-02-02T02:31:37
137,Paul Sullivan,jjones@hotmail.com,2020-07-26T15:49:21
138,Molly Ray DDS,katherine48@hotmail.com,2021-02-10T21:14:02
139,David Brown,umeadows@anderson.com,2021-06-08T15:26:44
140,Michael Fitzpatrick,wstout@yahoo.com,2025-01-08T21:59:05
141,Maria George,martindavid@pena-smith.com,2020-05-17T12:00:30
142,Christopher Hayes,whutchinson@hotmail.com,2024-11-29T09:41:19
143,Jessica Flynn,rogersscott@chung-martinez.com,2020-10-24T14:32:32
144,Christopher Parker,ocompton@hotmail.com,2023-01-15T23:13:28
145,Jacob Smith,eric82@yahoo.com,2020-05-07T19:23:44
146,Jimmy Bernard,sstevenson@yahoo.com,2023-11-15T16:28:30
147,Julie Fox,alexanderpeter@gmail.com,2021-05-24T22:05:00
148,Samantha Hudson,heathercraig@miller.com,2020-11-03T11:07:32
149,Karen Miller,lukeduke@yahoo.com,2023-01-18T07:33:12
150,Maria Floyd,dleon@yahoo.com,2024-04-15T17:13:53
151,Harold Edwards,wolfjenny@newman.net,2022-01-22T12:23:27
152,Stephanie Ortiz,ericclark@yahoo.com,2022-02-01T09:33:42
153,Monica Cooke,yanderson@gmail.com,2020-01-15T03:56:15
154,Scott Gonzalez,fsnyder@ramirez-wolf.org,2024-01-31T13:30:26
155,Katie Rodriguez,bwalker@gmail.com,2023-02-04T16:34:51
156,Ryan Ford,christopherwilson@bradley.biz,2021-09-12T12:27:11
157,Katelyn Huynh,garyharrison@lowe.net,2024-10-10T03:28:03
158,Frances Vincent,sean54@yahoo.com,2021-05-11T08:25:51
159,David Mercado,danielle24@gmail.com,2023-10-08T15:55:16
160,Jim Good,michaeljones@yahoo.com,2021-07-22T06:05:43
161,Brittany Boyd,gramirez@gmail.com,2021-11-26T18:28:49
162,Corey Mills,christopher91@hotmail.com,2024-07-08T18:31:52
163,Jeffrey Nguyen,zanderson@hotmail.com,2020-03-25T22:22:59
164,Carlos Smith,catherine30@beltran.biz,2020-12-08T23:08:48
165,Alicia Burgess,brandonedwards@hernandez.com,2022-07-07T01:44:39
166,Jennifer Lawrence,perkinschad@hotmail.com,2025-02-24T23:04:50
167,Justin Ellis,donald83@hotmail.com,2023-12-19T01:17:48
168,Steven Sosa,rodriguezmolly@hotmail.com,2022-04-27T04:41:16
169,Kristin Spencer,kimberlymorgan@hotmail.com,2021-01-15T13:41:43
170,Karl Martinez,zweber@lee-morales.com,2024-04-27T00:28:13
171,Leah Koch,heatherdunn@williams.com,2021-12-14T12:48:37
172,Joy Mills,christopher31@gmail.com,2024-03-06T13:03:32
173,Andrea Myers,fullerrichard@mcmahon-shaffer.net,2024-05-29T07:33:44
174,Adam Powers,jesseconner@mendoza.com,2022-01-09T10:55:44
175,Chris Johnson,taylorbullock@singh.info,2023-03-21T09:51:42
176,Elizabeth Moore,fergusongregory@hotmail.com,2021-04-17T16:43:03
177,Edward Marquez,qhernandez@smith.net,2020-10-26T18:21:57
178,Luke Brennan,brian01@yahoo.com,2020-12-31T20:21:27
179,Beth Moreno,taylorwilliam@yahoo.com,2023-03-09T08:11:29
180,Darren Mitchell,jennifermorales@harrell.info,2024-03-07T03:18:44
181,Judy Wood,colleenhogan@diaz.org,2022-08-30T13:11:09
182,Robert Johnson,cuevastaylor@roman-lane.info,2023-10-21T09:03:00
183,David Burnett,erice@white.org,2021-09-13T10:22:16
184,Bryan Mayo,howelljack@hotmail.com,2021-08-28T19:06:36
185,Sandra Goodwin,gonzalezchristopher@washington.com,2020-10-26T13:32:18
186,Priscilla Coleman,dukelouis@butler.com,2025-04-02T03:07:44
187,Brittany Maxwell,kristinagomez@mccann.org,2023-04-19T12:35:42
188,Susan Jackson,rleon@yahoo.com,2021-07-24T14:52:20
189,Michael Smith,burkebrandon@hotmail.com,2020-08-02T22:32:54
190,Michael Atkins,sarah74@hotmail.com,2021-11-01T21:49:54
191,Rebecca Yang,mccoyemily@hotmail.com,2021-02-27T12:59:56
192,Matthew Gomez,ecarson@alexander.com,2025-03-17T21:59:05
193,Mark Lutz MD,angela73@gmail.com,2021-08-25T18:53:14
194,Tiffany Ramos,elizabethglover@lester.com,2025-04-01T14:18:21
195,Rebecca Alexander,millerjohn@gmail.com,2022-05-09T21:02:29
196,Thomas Bailey,jennyadams@montoya-petersen.com,2021-01-23T17:05:15
197,Cody Strong,moorepatricia@hotmail.com,2023-06-23T10:12:41
198,Michael Flores,troyhayes@taylor-davis.com,2025-01-20T20:47:07
199,Jill Barrett,christopherdavis@butler.com,2023-08-29T17:40:40
200,Nicole Smith,robertperkins@davis.com,2022-07-18T12:36:41
201,Megan Hicks DDS,holly70@gmail.com,2024-07-15T00:49:00
202,Melinda Walker,manningkimberly@gmail.com,2020-07-23T11:57:39
203,Nicholas Ward,navarrokevin@walsh.com,2021-06-17T10:09:18
204,Casey Brooks,turnergregory@yahoo.com,2024-07-26T12:10:20
205,Sherri Sims,znorton@herring.com,2024-09-29T07:31:34
206,Shannon Murphy,sean45@gmail.com,2023-05-24T21:21:51
207,Jacob Taylor,elizabeth23@robertson-mullins.com,2020-08-11T04:09:10
208,Tyler Trujillo,zbarnes@mitchell.com,2024-05-11T08:52:19
209,Kimberly Stevens,qhuerta@yahoo.com,2021-03-10T19:08:32
210,Lisa Parks,crystaljohnson@harrison.net,2023-01-16T01:30:09
211,Lynn Hawkins,ggilbert@smith-horton.com,2024-09-25T23:25:40
212,Barbara Glenn,jacobvaughan@phillips-powell.info,2022-07-27T11:31:25
213,Sandra Lucas,george88@costa.com,2021-07-19T04:41:07
214,Joe Garcia,elizabethmorales@gmail.com,2023-01-15T00:33:23
215,Willie Newman,gmorrison@kim-reed.com,2020-03-03T22:14:25
216,Victoria Young,charleswright@gmail.com,2020-01-31T00:32:04
217,Debra Soto,wrightpaige@lewis-matthews.com,2024-01-24T05:14:49
218,Dawn Coleman,grose@ward-campbell.com,2020-09-19T13:12:59
219,Taylor Gutierrez,mooredavid@yahoo.com,2022-08-02T17:49:03
220,Garrett Bailey,thompsonscott@hernandez.info,2020-12-16T18:23:20
221,Derek Warner,elizabethgalvan@gmail.com,2023-04-08T09:19:48
222,Suzanne Welch,martinsusan@hotmail.com,2022-10-25T05:09:54
223,John Green,richardmiller@hotmail.com,2022-02-11T12:47:13
224,Angela Snyder,albertcopeland@gmail.com,2025-02-28T11:45:56
225,Jenny Chen,longchloe@west.biz,2024-10-06T11:21:29
226,Angela Olsen,nicole57@gmail.com,2022-01-27T11:07:20
227,Anna Stephens,carlostaylor@yahoo.com,2022-07-23T05:27:31
228,Charles Cole,maldonadojerry@carlson-suarez.biz,2020-09-25T17:11:43
229,Gregory Duffy,icooper@fowler.com,2021-05-06T21:18:46
230,Caitlin Roth,craig96@hotmail.com,2022-05-23T09:57:48
231,Brianna Edwards,davidbriggs@hall.com,2021-01-13T07:33:36
232,Tina Carter,tanderson@yahoo.com,2020-06-30T02:15:56
233,Ana Rowe,driley@wolfe.org,2022-03-14T16:51:13
234,Doris Nichols,qanthony@hotmail.com,2020-01-01T01:44:00
235,Michael Brown,daniel65@gmail.com,2024-05-20T15:54:27
236,Richard Chambers,kellynguyen@gmail.com,2020-11-12T11:41:28
237,Michael Lara,robert93@fuller.com,2021-01-02T03:36:10
238,Troy Montes,rebekahjordan@murray-price.com,2022-07-06T01:45:47
239,Lisa Anderson,matthewyoung@yahoo.com,2024-05-23T20:30:12
240,Christina Frederick,kevin62@wells-scott.com,2024-11-04T11:15:38
241,Allison Brown,amyhaas@sullivan-hickman.org,2021-03-20T07:38:01
242,William Nguyen,bartonkristina@gamble.biz,2023-03-09T17:21:59
243,Janice Robinson,camachodominic@avery.net,2024-04-27T07:34:56
244,Robert Salas,howardjose@boyd.net,2022-09-16T10:14:42
245,Christopher Wilson,megan76@cline-hickman.biz,2023-01-29T05:10:58
246,Charles Cruz,reeddawn@harvey.com,2023-08-23T10:36:04
247,Patrick Delgado,anorman@yahoo.com,2021-04-08T00:17:02
248,Eric Waters,robertharris@yahoo.com,2021-08-18T21:34:31
249,Amanda Zavala DVM,ashleygordon@gmail.com,2020-03-15T22:12:14
250,Ronald Wong,douglashughes@yahoo.com,2021-07-06T23:56:14
251,Christopher Hayes Jr.,shane89@nelson.net,2024-07-06T03:52:35
252,Amanda Jennings,sarahbutler@yahoo.com,2021-04-22T18:41:27
253,Dennis Kramer,amy22@hotmail.com,2021-11-12T15:39:55
254,William Brown,fernandezcarla@yahoo.com,2021-05-14T23:18:38
255,Shari Hines,marquezbruce@hotmail.com,2022-03-13T13:09:10
256,Shelly Peterson,beasleyaustin@yahoo.com,2022-12-04T00:27:35
257,Melanie Crosby,dustin11@baker.com,2020-04-05T20:48:49
258,Kristi Wilson,raymond50@perez.com,2024-09-29T10:19:05
259,Matthew Dennis,justinbeltran@daniels.com,2022-12-24T18:26:02
260,Jennifer Juarez MD,jordan09@yoder.com,2023-03-25T14:18:54
261,Brian Shaffer,jenniferrobinson@sawyer.net,2021-06-04T20:39:50
262,Linda Rodriguez,mccoymark@gmail.com,2022-05-18T13:18:52
263,Patrick Olson,jason61@hotmail.com,2022-04-07T20:16:13
264,Jimmy Johnson,harryrivas@taylor.com,2020-12-17T14:28:06
265,Kenneth Rice,daniel88@taylor-harris.com,2023-05-14T14:27:21
266,Jose Lee,jessicaatkins@gmail.com,2024-07-07T08:40:17
267,Leslie Buckley,cynthialopez@huffman.com,2022-08-04T06:30:00
268,Diana Zamora,sonyasoto@nelson-barrett.biz,2020-02-29T02:44:42
269,Sarah Medina,lwagner@marquez-watson.biz,2022-11-12T16:49:32
270,Alexandria Owens,jasminenguyen@orozco.com,2022-03-07T07:25:25
271,Mrs. Erika Smith,whitelaurie@gmail.com,2024-02-16T10:06:18
272,Kelsey Rowland,melaniemartin@yahoo.com,2023-09-17T23:24:30
273,Steven Perez,kzuniga@jordan.com,2020-11-10T13:26:50
274,Larry Romero,charlottesanchez@hotmail.com,2023-01-23T23:09:00
275,Jill Joseph,courtney67@gmail.com,2023-01-26T04:17:06
276,Ronnie Hamilton,timothy21@gmail.com,2020-04-20T18:58:16
277,Stephanie Wallace,gburton@gmail.com,2022-12-03T23:13:51
278,Benjamin Arellano,nkrause@johnston.org,2020-10-09T18:31:57
279,Bryan Reyes,catherinequinn@haas-rodriguez.com,2022-12-20T19:02:54
280,Tammy Perez,cellis@hotmail.com,2024-07-20T23:30:12
281,Eric Warner,lgarcia@gmail.com,2022-01-09T23:03:07
282,Keith Hunter,christophervelez@yahoo.com,2023-01-18T01:26:18
283,Amber Medina,ucampbell@yahoo.com,2022-06-12T11:11:56
284,Meghan Le,agreen@yahoo.com,2022-03-18T11:35:23
285,Jamie Holt,annathomas@robinson.com,2023-10-18T11:26:45
286,Arthur Gutierrez,ivan40@gmail.com,2021-01-17T19:34:11
287,Ana Vega,lori21@yahoo.com,2022-06-15T05:23:04
288,Martin Bond,gomezdaniel@hotmail.com,2023-04-11T22:59:41
289,Maria Cohen,ericwalters@vasquez.com,2023-10-18T22:22:12
290,James Thomas,laurenray@anderson-moyer.com,2022-02-26T16:57:19
291,Derek Thomas,kingstephanie@clements-shaw.biz,2024-10-08T12:41:22
292,Tonya Dixon,jennahatfield@owens.com,2022-12-27T12:12:14
293,Christopher Harrington,rodriguezdanielle@vang.info,2022-09-20T23:14:41
294,Tammy Rangel,theresawaters@kim.biz,2020-03-29T18:28:11
295,Eric Martinez,leejorge@yahoo.com,2020-09-29T05:46:39
296,Monica Gomez,hlester@barrett-murphy.org,2020-04-07T06:44:24
297,Peter Douglas,christopher14@yahoo.com,2024-02-29T08:08:34
298,Joseph Neal,brucesmith@peterson.com,2024-07-11T20:17:01
299,Garrett King,bmcbride@mcpherson.com,2021-08-07T05:08:54
300,Patrick Griffith,eric06@yahoo.com,2021-12-24T22:40:12
301,Ashley Avery,james65@hotmail.com,2021-09-06T20:59:58
302,Robert Butler,kurtpage@gmail.com,2022-01-23T23:43:59
303,Michael Mercer,james65@yahoo.com,2023-12-09T17:28:57
304,Allison Thompson,gregory74@hotmail.com,2020-04-19T08:58:00
305,Samuel Rodriguez,coleandrea@shaw-carpenter.com,2020-11-20T06:31:45
306,Christina Sweeney,evanstammy@edwards.biz,2021-11-15T16:19:23
307,Heidi Harrington,alan95@walton.com,2024-03-17T06:41:00
308,David Johnson,casey87@gmail.com,2020-07-29T13:18:41
309,David Brown,thomas58@green.org,2021-07-16T15:35:12
310,Patrick Jenkins,barry44@gmail.com,2025-04-12T10:11:22
311,Alisha Stewart,wsanders@blanchard.com,2021-05-24T11:05:32
312,Barbara Sullivan,szuniga@yahoo.com,2020-12-17T23:29:29
313,Tara Garcia,colemandeborah@yahoo.com,2021-09-02T04:08:22
314,Jason Burton,rvega@gmail.com,2022-10-01T17:41:38
315,Emily Taylor,wgreer@hotmail.com,2024-06-19T13:20:13
316,Christopher Alvarado,leslie54@hicks.info,2020-08-03T01:36:22
317,Dawn Hill,rdavis@hotmail.com,2022-11-20T21:17:26
318,Courtney Myers,cthomas@gmail.com,2020-06-29T02:37:28
319,Richard Barrett,williamturner@yahoo.com,2021-11-03T16:19:26
320,Renee Carson DDS,brookestewart@weber.com,2021-08-14T14:23:10
321,Mary Richards,brendarichmond@yahoo.com,2023-07-25T06:37:28
322,Stephanie Cochran,kjensen@yahoo.com,2024-10-16T02:44:42
323,Joanna Peterson,paulhill@anderson.com,2022-07-06T21:43:25
324,Jessica Blevins,bjohnson@gmail.com,2022-03-07T23:46:08
325,Jonathan Hill,qrodriguez@hotmail.com,2020-08-04T12:54:41
326,Justin Clark,lisa37@yahoo.com,2023-04-09T21:23:31
327,Corey Thompson,mcgeeann@hotmail.com,2022-05-16T03:42:34
328,Katelyn Lopez,jessicajoyce@yahoo.com,2021-12-07T17:57:03
329,Timothy Morales,kdyer@yahoo.com,2022-06-07T17:55:57
330,Vincent Lopez,andersonbrianna@yahoo.com,2022-08-10T13:12:54
331,Steve Jackson,carolyn61@hotmail.com,2021-02-14T06:38:58
332,Allison Roberts,lisaconway@anderson-morgan.com,2022-10-17T00:43:01
333,Jorge Stewart,timothy90@ashley.net,2022-11-12T02:09:04
334,Robert Duncan,jimmywright@gmail.com,2021-04-09T21:48:23
335,Timothy Jackson,lmoore@gmail.com,2024-02-08T17:46:46
336,Michael Salazar,bryanswanson@bryant-cox.info,2021-10-23T12:24:18
337,Todd Turner,blackjames@ferguson.info,2020-10-01T21:12:42
338,John Johnson,michael49@gmail.com,2024-04-03T01:08:11
339,Joseph Turner,marywilliams@hotmail.com,2020-06-20T18:37:23
340,Karen Harris,jameskelly@hamilton.com,2024-12-05T12:04:20
341,Meghan Dunlap,ian40@yahoo.com,2022-03-25T08:16:55
342,Amanda Gibbs,halltravis@hotmail.com,2020-08-23T15:33:06
343,Kelly Green,jennifer04@yahoo.com,2021-12-21T12:36:58
344,Matthew White,wongmisty@pruitt.net,2024-07-10T03:51:50
345,Maria Campbell,fredferguson@cox-rodriguez.com,2020-01-25T19:46:33
346,Tina Myers,gonzalezcharlene@lawson.com,2020-06-15T18:09:28
347,Amber Howard,wmorales@gmail.com,2025-02-05T11:37:25
348,Amber Malone,csims@yahoo.com,2021-11-07T23:18:51
349,Jeff Perez,hsanchez@grimes-stanton.com,2020-06-20T20:50:58
350,Lindsay Long,williamrussell@wilkerson.com,2022-11-14T22:27:46
351,Raymond Collins,steven07@roberts.com,2024-11-26T00:46:00
352,Kelly Watson,christian26@myers.net,2022-12-24T18:04:13
353,Kristen Pineda,ashleycannon@larson.com,2023-04-14T22:23:46
354,Christine Sanders,saramartinez@gmail.com,2021-06-01T14:22:48
355,Danielle Horton,floresvicki@hotmail.com,2023-10-31T05:24:24
356,Regina Wall,tammyharris@yahoo.com,2021-03-14T23:46:18
357,Daniel Hill,qcuevas@gmail.com,2022-08-30T04:53:45
358,Cindy Fisher,gentrydonald@woods.com,2022-01-19T04:33:02
359,Katie Gilmore,tonya52@smith.com,2020-06-15T05:03:42
360,Brianna Kirby,joshua07@hotmail.com,2023-08-28T20:16:49
361,Scott House,padillacassandra@hotmail.com,2020-03-11T00:51:50
362,Kelli Brown,mjackson@gmail.com,2023-12-24T05:12:27
363,Ashley Johnson DDS,lisa12@gmail.com,2020-03-02T01:51:32
364,Joel Anderson,hensontimothy@gmail.com,2021-09-24T03:34:59
365,Charles Cooper,potterchristina@hotmail.com,2024-04-22T07:06:54
366,Jennifer Bullock,carrollkatherine@hotmail.com,2022-02-28T07:40:47
367,Vincent King,michaelsimpson@hotmail.com,2020-05-16T16:57:01
368,Amanda Cole MD,bergerbrett@yahoo.com,2020-05-21T11:15:56
369,Gregory Hall MD,deborahpruitt@gmail.com,2022-04-24T09:53:54
370,Todd Guzman,danasmith@clay-pearson.net,2024-02-20T21:50:45
371,Donald Smith,scottmarc@stewart-fernandez.org,2023-03-11T19:45:13
372,Christopher Gonzalez DDS,qyoung@yahoo.com,2022-08-13T22:12:39
373,Rebecca Butler,millerelizabeth@gmail.com,2023-06-14T16:49:02
374,Ashley Ball,bettywoodard@gmail.com,2022-01-15T06:57:55
375,Michael Tyler,david63@armstrong.com,2022-11-27T18:24:33
376,Michael Day,qsantiago@hotmail.com,2021-11-01T19:14:55
377,Amy Jones,tamaraellis@hotmail.com,2021-01-04T17:53:00
378,Robert Wood,williamwoods@gmail.com,2021-03-09T17:43:21
379,Tracey Evans,mary04@gmail.com,2022-07-01T07:15:17
380,Mark Collins,david00@gmail.com,2024-02-26T07:19:24
381,Rebecca Hart,hansondouglas@gmail.com,2023-03-20T09:58:33
382,David Page,matthew14@yahoo.com,2024-09-15T08:54:15
383,William Grant,joshuagomez@yahoo.com,2022-08-17T10:52:31
384,Kenneth Chang,steven48@hotmail.com,2021-01-28T10:22:50
385,Robert Underwood,acampbell@moreno-miller.net,2024-11-12T01:07:37
386,Brandon Chambers,gonzalezdanielle@gmail.com,2021-12-30T07:47:35
387,Tracy Turner DVM,maurice69@gmail.com,2025-03-27T06:50:19
388,Charles Martinez,jose65@wright.org,2022-10-14T04:09:53
389,Willie Gonzalez,fgreen@warner.com,2023-07-31T22:30:43
390,Jennifer Owens,cochrankristy@yahoo.com,2021-05-24T17:53:57
391,Brandon Larsen,johnschmidt@gmail.com,2021-08-28T20:39:05
392,Jesse Hartman,ygallegos@warner.com,2023-01-19T22:43:06
393,Andre Stokes,jstevenson@howe-calderon.biz,2025-01-29T03:01:40
394,Kimberly Wiggins,belljennifer@mitchell-lewis.com,2024-02-27T02:10:21
395,Timothy Booker,mayers@hotmail.com,2020-05-31T09:44:38
396,Carla Irwin,phyllisrobinson@brady.com,2023-09-29T02:22:24
397,Michael Williams,lawrencesingh@yahoo.com,2025-03-26T14:04:51
398,Robert Stanton,lisa57@knapp-jones.com,2024-10-13T07:16:11
399,Christopher Cook,joshua42@woodard.biz,2024-05-22T18:39:07
400,James Lewis,michaellutz@hotmail.com,2023-04-30T17:14:30
401,Deborah Rocha,erin85@mitchell-thompson.com,2023-01-16T18:46:19
402,Laura Lester,olsonchristina@warner.info,2020-09-20T01:27:47
403,Randy House MD,marcus08@warren.biz,2023-04-30T12:52:42
404,Denise Gardner,williamsandre@schmidt-berry.net,2024-12-09T09:22:07
405,Jonathan Graves,ujohnson@hotmail.com,2022-03-31T20:05:15
406,Nicole Kelly,anthonyweber@gmail.com,2022-03-15T07:10:02
407,Meghan Reyes,michael99@yahoo.com,2020-03-31T07:38:16
408,Roy Esparza,jaime80@ford-coleman.com,2025-03-04T19:22:28
409,Timothy Gibson,lutzlynn@hotmail.com,2022-07-31T15:26:56
410,Austin Dawson,oowens@yahoo.com,2021-08-04T14:20:37
411,Melissa Dalton,melody69@cabrera.org,2020-06-15T01:49:56
412,Matthew Walters,edwardroberts@hotmail.com,2020-04-20T12:14:29
413,Michael Humphrey,georgejoyce@yahoo.com,2020-12-03T10:10:32
414,Ryan Duran,zbooth@yahoo.com,2024-03-17T20:20:15
415,Elizabeth Mcdowell,johnfitzpatrick@luna-henry.org,2023-06-28T18:07:33
416,Angela Bowers,krystalmyers@martin.org,2023-03-30T20:11:53
417,Christopher Bishop,wheelerabigail@wood.net,2022-08-24T18:53:07
418,Marvin Griffin,frankhammond@hotmail.com,2020-03-30T04:18:14
419,Stacy Walls,rodriguezrachel@hotmail.com,2023-08-13T17:31:42
420,Bonnie Armstrong,sheilahawkins@gmail.com,2025-04-10T21:05:25
421,Mrs. Renee Schmidt,noblerachel@hotmail.com,2025-01-11T16:19:23
422,Brenda Baldwin,susan35@gomez-ward.com,2021-12-11T02:47:23
423,Matthew Holden,williamseddie@yahoo.com,2022-08-12T07:09:40
424,Deanna Hicks,haydengeorge@yahoo.com,2020-01-24T17:12:40
425,Jacqueline Dean,jenningselizabeth@frederick.com,2022-12-21T14:44:10
426,Alyssa Griffith,calebayala@hotmail.com,2021-05-08T19:17:38
427,Stephen Rice,timothy14@glenn.com,2023-12-22T19:54:14
428,Mark Newman,pcameron@houston-banks.com,2021-05-17T12:33:13
429,Tiffany White,amanda96@lee-jones.com,2021-08-23T12:10:26
430,Ashley Johnson,uburke@bell-rodriguez.info,2020-09-19T03:15:50
431,Autumn Allen,katie46@hotmail.com,2024-06-29T02:45:56
432,Scott Kim,gomezjason@gmail.com,2022-06-03T05:27:49
433,Michelle Carter,arnoldsamuel@arnold.com,2023-07-31T20:37:38
434,Brandi Fuller,duranvirginia@sutton.com,2020-07-29T01:50:30
435,Sheena Larson,lindsey40@walker-vincent.com,2023-03-03T13:31:27
436,John Hill,dixonbailey@yahoo.com,2023-06-03T04:28:20
437,Eric Johnson,amberduke@campbell.com,2022-04-02T20:09:58
438,Jonathan Curry,brucetracey@gmail.com,2023-12-30T00:16:26
439,Sarah Mcmahon,joseph07@yahoo.com,2020-09-13T08:54:22
440,Jacob Holloway,michellehenderson@hotmail.com,2022-09-06T02:47:07
441,Zachary Lyons,xcollins@gmail.com,2024-01-15T18:15:31
442,Jonathan Griffin,sarah13@ross-collins.com,2024-04-30T23:37:26
443,Tracey Smith,patricialandry@hotmail.com,2022-10-21T12:47:52
444,Wayne Washington,robinsonlinda@clark-williams.biz,2021-07-27T10:56:28
445,Jose Myers,rmartin@keller-rodriguez.com,2024-05-23T10:17:51
446,Frederick Cole,adam09@gmail.com,2024-03-16T02:28:07
447,Andre Cameron,jillholt@hotmail.com,2024-02-03T20:45:50
448,Erik Rodriguez,justinjackson@gray.com,2021-10-19T06:29:19
449,Katie Morgan,parksheather@keller-cabrera.biz,2024-08-11T18:59:52
450,James Hart,popeomar@yahoo.com,2022-04-08T23:53:20
451,Adam Griffith,eric39@burke.net,2025-01-10T21:30:58
452,David Jones,marcus07@gmail.com,2023-02-13T19:35:30
453,Jessica Bowman,smithdiamond@hotmail.com,2021-01-18T16:09:22
454,Derek Lee,heather02@hotmail.com,2020-11-17T22:12:21
455,Justin Cameron,robertsian@bell-burns.info,2024-04-06T02:01:28
456,Jennifer Washington,jennifer29@yahoo.com,2024-09-17T07:22:50
457,Jasmine Freeman,pjones@hotmail.com,2020-05-03T15:07:14
458,Douglas Kennedy,ptran@gmail.com,2021-05-27T21:33:47
459,Adam Henderson,nicolefoster@gallagher.info,2023-09-14T05:01:52
460,Sherry Beck,steven02@yahoo.com,2023-07-09T08:25:42
461,John Smith,dana65@gmail.com,2022-09-21T13:14:00
462,Kenneth Stout,bcardenas@hotmail.com,2024-04-21T19:13:41
463,Emily Lewis,navarromicheal@hotmail.com,2024-04-25T19:06:23
464,Laurie Taylor,alexandriamiller@hotmail.com,2022-12-23T20:54:41
465,Julia Roberts,brandi11@shepherd.org,2020-05-11T02:31:07
466,Cynthia White,ujohnson@yahoo.com,2020-05-06T23:34:29
467,Derrick Navarro,michael08@yahoo.com,2023-12-20T17:30:31
468,Dr. Phyllis Powell,hannahstephens@rogers-robles.com,2022-02-04T17:32:46
469,Kyle Stafford,zamoraanna@padilla-welch.com,2022-08-01T19:01:33
470,Matthew Wagner,qclarke@allen.org,2020-02-12T01:49:53
471,Samantha Sanchez,matthew06@yahoo.com,2023-06-29T13:31:48
472,Katrina Green,gregfowler@yahoo.com,2023-07-26T22:17:03
473,Hannah Gibson,barryemily@hotmail.com,2021-08-12T11:20:38
474,Alyssa Mcdaniel,mayhayley@ali.com,2020-02-16T23:26:24
475,William Richardson,hollowaysheri@park.com,2024-03-19T06:49:43
476,Jessica Wells,harrisonjennifer@hughes.com,2024-11-20T06:24:46
477,Amanda Collins,tracy38@hotmail.com,2023-01-24T08:14:45
478,Lance Bennett,birdraven@gutierrez.com,2020-05-29T05:25:06
479,Joseph Lee,tforbes@moore.net,2022-09-15T04:07:04
480,Steven Sullivan,martin36@huff.info,2020-06-20T03:05:21
481,Bryce Miller,arnoldjonathan@gmail.com,2020-05-20T12:24:20
482,Michelle Hess,steven99@yahoo.com,2022-04-25T01:15:50
483,Rebecca Simpson,camachodonald@joseph.info,2020-10-28T11:44:22
484,Daniel Peters,jessica18@smith-peters.com,2023-10-21T03:19:30
485,Juan Lopez,daylisa@yahoo.com,2020-01-31T08:23:29
486,Heather Davis,tim37@perez-bennett.com,2025-01-24T08:36:57
487,Timothy Clark,matthew99@butler.info,2024-01-16T19:30:01
488,Dale Gibbs,weissanne@yahoo.com,2024-10-09T15:06:31
489,Sean Gilbert,kennethrogers@james-campos.com,2024-05-27T17:26:48
490,Jose Calhoun,jamescurtis@ramsey.com,2022-05-27T13:39:02
491,Anna Sanchez,harringtonnicole@yahoo.com,2022-03-05T23:54:37
492,Kara Cantu,jonesjennifer@smith.biz,2020-05-30T10:10:46
493,Mrs. Andrea Castro,afigueroa@robinson.org,2023-08-24T17:21:36
494,Vincent Hobbs,levi90@allen.biz,2023-12-12T19:53:06
495,Sean Weber,alicia43@hotmail.com,2022-12-02T09:42:49
496,Paul Knox,karen62@hotmail.com,2024-02-07T04:52:48
497,Brian Barrett,blowe@gmail.com,2020-12-26T12:24:33
498,Karen Sanders,uowens@carter.biz,2022-05-07T21:14:38
499,Grace Wood,aaronwaters@yahoo.com,2023-07-23T01:28:28
500,Erica Armstrong,james26@hotmail.com,2022-02-13T03:27:45
501,David Soto,garciapaul@morales.com,2021-05-04T23:22:02
502,Jonathan Hubbard,swarren@gmail.com,2022-05-18T03:05:18
503,Jacob Greene,jeffrey14@mason.com,2025-03-04T20:23:19
504,Thomas Rodriguez,mendozarobert@hotmail.com,2021-10-28T05:29:49
505,Christine Snyder,hsimmons@gmail.com,2024-11-17T23:17:53
506,Kelly Torres,emma33@hotmail.com,2022-04-29T02:48:22
507,Deborah Quinn,randall41@brewer.com,2022-07-21T15:36:47
508,Nathan Haney,bernardnicole@gmail.com,2022-09-30T17:46:14
509,Lisa Klein,coxnathan@hotmail.com,2022-09-15T23:41:22
510,Alexa Sanders,michaelscott@gmail.com,2022-11-19T13:55:20
511,Brian Grant,stewartholly@gmail.com,2022-10-13T18:09:30
512,Glen Stewart,alyssa97@yahoo.com,2020-07-26T05:48:03
513,Michael Romero,acrawford@daniels.com,2022-12-27T01:48:20
514,Sarah Harper,yvette69@nguyen-gregory.com,2021-12-20T08:57:13
515,Melanie Zuniga MD,xjohnson@thomas.org,2022-03-09T01:32:57
516,Chase Henry,jennifermitchell@conley-mccann.com,2021-09-19T12:22:12
517,David Estrada,angela12@farmer.info,2020-09-25T19:20:37
518,Deanna Cannon,georgeraymond@spencer-long.net,2023-12-14T05:43:00
519,Lisa Hunter,jameshall@yahoo.com,2022-09-16T01:09:16
520,Jordan Mullins,natashadecker@hotmail.com,2024-05-27T01:51:30
521,Henry Rodriguez,qobrien@hotmail.com,2021-07-07T16:28:04
522,Joseph Martinez,john97@gmail.com,2020-08-23T04:32:51
523,Nicole Morris,izimmerman@navarro.com,2023-07-07T05:18:54
524,Jessica Castro,rodgerstheresa@burns.com,2021-11-27T09:34:57
525,Mallory Guerrero,ericachambers@yahoo.com,2020-07-23T22:08:43
526,James Morton,ingramkayla@schmidt-morris.org,2021-06-11T03:11:16
527,David Herrera,crystaladkins@hotmail.com,2020-08-27T06:19:23
528,Barbara Young,ilawson@lee.com,2023-06-03T21:09:57
529,Matthew Williams,amandasalazar@yahoo.com,2024-06-22T17:45:37
530,Robert Lewis,jacksonashley@thompson-garcia.biz,2022-04-16T14:48:45
531,Danielle Smith,michaelcox@hotmail.com,2023-06-05T22:42:47
532,Barry Williams,mistymarshall@carlson.biz,2023-02-11T11:09:01
533,Brian Watson,munozanthony@bailey-wilson.net,2020-08-12T10:38:07
534,Alyssa Mcbride,aliciabaker@williams-lawrence.com,2021-02-11T04:49:39
535,Warren Hubbard,mcummings@moore-singh.org,2024-09-17T09:54:32
536,Matthew Anderson,schwartzanthony@hotmail.com,2020-08-01T15:00:16
537,Nicole Robinson,patriciabryant@jackson.com,2022-05-19T05:35:29
538,Lisa Mueller,wponce@cook.info,2021-04-27T16:44:18
539,Tyler Martin,rhonda95@dixon.biz,2020-11-02T15:29:53
540,Eric Chapman,susananderson@mcdonald-johnson.net,2023-09-16T10:12:13
541,Jon Gordon,stevenshepherd@hill.org,2023-08-12T08:51:31
542,Richard Baxter,josewilliamson@collins-young.net,2021-08-02T15:58:48
543,Sarah Cooper,huntkara@sullivan.com,2021-02-28T22:27:26
544,Lisa Foster,armstrongjimmy@yahoo.com,2023-08-23T16:05:15
545,Andrew Nolan,bennettchristine@richardson.com,2021-04-04T00:51:25
546,Samuel Higgins,shawjoshua@hotmail.com,2021-11-20T22:19:32
547,Stephen Walker,vcobb@cummings.info,2021-02-18T08:55:14
548,Travis Allen DDS,fitzgeraldronald@cummings.net,2024-04-26T18:37:05
549,Kevin Jordan,richardpark@gmail.com,2021-05-21T02:30:45
550,Erica Wright,haroldsmith@richardson.com,2024-05-27T02:19:48
551,Abigail Scott,woodsroy@collins-benitez.net,2020-04-20T12:18:49
552,Andrew Robinson,kgray@gmail.com,2020-08-31T10:21:56
553,Robert Barker,irivera@hotmail.com,2024-03-04T23:31:02
554,Amy Shields,johnsonrobert@branch.org,2020-09-24T15:31:43
555,Brianna Williams,andrew68@yahoo.com,2022-09-03T21:29:33
556,Elizabeth Good,lopezmichael@hotmail.com,2022-09-19T08:13:51
557,Shari Page DVM,cbeasley@johnson.com,2020-05-02T06:26:22
558,Dr. Tracy Smith,brianramsey@gmail.com,2025-03-19T15:03:13
559,Hector Hopkins,gary71@gmail.com,2021-09-13T17:04:49
560,Jacob White,mdiaz@yahoo.com,2020-07-15T00:26:45
561,Sean Smith,dakota09@hart.net,2023-08-15T11:31:01
562,Kimberly Cooper,larry40@yahoo.com,2021-04-29T13:42:13
563,Tracy Smith,floydnathan@watson-hickman.com,2023-04-04T20:10:32
564,Eric Huerta,chad16@hotmail.com,2022-07-12T18:13:13
565,Max Glass,nharris@wolf-garcia.com,2025-03-23T14:02:40
566,Lauren Gonzalez,jeremiahhawkins@young.com,2021-11-22T03:16:07
567,Andrew Thompson,perryrobert@gmail.com,2020-11-21T09:05:13
568,Cameron Garcia,jeremybell@gmail.com,2020-01-14T02:42:31
569,Joel Mcgee,jenniferkline@hotmail.com,2024-11-21T22:28:17
570,Yvonne Smith,rgarcia@callahan-rivera.org,2024-09-12T19:43:21
571,Maria Oconnor,vaughnjustin@gmail.com,2024-12-08T06:27:25
572,Kelly Mccarty,igarcia@jones.biz,2022-10-21T12:55:08
573,Pamela Mcdonald,donaldbraun@gmail.com,2023-03-03T17:26:04
574,Jenny Ryan,tuckerlauren@mack.biz,2024-05-01T01:12:39
575,Timothy Evans,kimberlybush@hotmail.com,2022-04-20T15:38:35
576,Mr. Anthony Weiss,wkennedy@yahoo.com,2023-01-28T15:36:11
577,Paul Underwood,porterandrew@hotmail.com,2022-06-18T15:43:54
578,Amy Castro,mullinsnancy@hotmail.com,2025-03-02T15:33:03
579,Jacob Lawson,zmoore@maynard-johnson.com,2023-05-09T14:51:46
580,Samantha Brown,fernandowilliams@hotmail.com,2020-04-11T06:48:27
581,Erica Quinn,lewiskaren@gmail.com,2020-05-09T09:03:53
582,Terry Morrow,ashley47@gmail.com,2021-12-04T19:51:51
583,Diana Fox,gordongeorge@george-gill.com,2023-04-28T12:43:19
584,Eric Williams,danielpatterson@hotmail.com,2020-10-23T09:00:35
585,Gregory Dean,serranodavid@gmail.com,2021-07-06T03:57:19
586,Donald Jones,martinezthomas@yahoo.com,2023-08-31T16:53:16
587,Jeff Johnson,emma71@hotmail.com,2020-02-03T20:28:33
588,Adam Spencer,kaylabuckley@lowe.info,2024-11-08T21:03:24
589,Felicia Perez,bowmanlaura@bailey.net,2022-09-14T08:09:47
590,Sarah Schneider,hayesjeffrey@yahoo.com,2024-06-17T04:44:44
591,Barbara Simmons,amanda74@hotmail.com,2022-11-08T13:15:26
592,Mary Jimenez,erinsmith@joseph.com,2023-03-20T08:22:00
593,Kevin Harris,youngbethany@hotmail.com,2021-08-22T06:37:46
594,Walter Cunningham,ramseyjoshua@washington.info,2023-05-10T01:19:45
595,Ricky Rivera,vandrade@lester.com,2021-11-12T17:14:54
596,Bonnie Meyers,tracythomas@yahoo.com,2020-04-28T13:23:54
597,Daniel Wilcox,ismith@hotmail.com,2023-12-13T01:12:59
598,Brenda Harrington,jtran@oconnor.biz,2022-05-03T10:32:29
599,Kendra Smith,danielleperez@martin.biz,2024-06-17T11:52:07
600,Mary Lucero,nicholas28@yahoo.com,2022-01-20T01:35:09
601,Jade Johnson,cassandra97@miller.biz,2024-01-26T08:08:34
602,Sophia Reyes,fyoder@hotmail.com,2024-03-08T16:39:37
603,Ronald Garcia,ksingh@henry.biz,2021-07-09T09:39:51
604,Jon Mahoney,cartermason@yahoo.com,2022-09-29T14:44:29
605,Sarah Skinner,pcooper@hotmail.com,2024-10-24T00:07:43
606,Gary Lawson,bthompson@roberts.biz,2024-04-17T00:10:28
607,Kelly Fitzgerald,bradleyhurley@hess.com,2022-08-31T08:31:19
608,Norman Clark II,jacob21@gmail.com,2024-07-23T03:53:57
609,Kevin Alvarez,matthew79@young.com,2021-07-21T04:37:15
610,Shannon Stanley,beverett@fowler.info,2024-09-06T22:44:03
611,Jeffrey Yang,valerie32@barry-craig.com,2024-04-06T07:27:56
612,Jerry Jenkins,abrock@liu.com,2023-10-05T05:23:15
613,Angel Henderson,hfisher@matthews.biz,2020-09-17T04:03:44
614,Yvonne Norton,courtney01@wheeler-taylor.net,2022-03-01T01:07:41
615,Jasmine Hurley,jordanmariah@gray-ray.info,2020-05-28T19:53:00
616,Michael Robinson,rossmichelle@wilkins-griffin.com,2024-03-24T22:44:32
617,Paul Marshall,olivia84@mitchell-esparza.com,2024-02-05T04:25:52
618,Zachary Kelly,misty08@newman.com,2024-07-15T10:34:10
619,Samuel Miller,cwilcox@gmail.com,2023-07-25T08:44:56
620,Denise Miles,fleminggina@hotmail.com,2024-10-17T13:28:22
621,Kelly Meadows,noblejesse@yahoo.com,2020-07-25T16:06:37
622,Amanda Lopez,grayamy@hotmail.com,2024-04-24T08:43:51
623,Raymond Robertson,piercesusan@jarvis.biz,2022-07-15T09:41:10
624,Leslie Daniel,brownlinda@butler.com,2024-06-12T07:58:06
625,Jeremy Hawkins,taradavenport@gmail.com,2020-04-11T07:27:34
626,Sheila Olson,baldwinjason@gmail.com,2022-12-03T11:15:13
627,Amanda Richardson,erivas@oneal-tran.com,2022-04-14T08:26:57
628,Antonio Gonzalez,dsoto@yahoo.com,2020-04-23T14:38:37
629,James Evans,bernardbrian@hotmail.com,2021-03-29T17:57:47
630,Raven West,barbarajackson@hansen.com,2020-01-23T18:01:39
631,Elizabeth Vance,heather81@herrera-martinez.com,2023-08-21T14:33:39
632,Robert Rivas,robinsonsherri@blanchard-benson.org,2022-12-28T05:15:46
633,Heather Willis,reyesjeremy@yahoo.com,2020-04-05T09:38:01
634,David Gonzalez,ehill@gmail.com,2024-10-04T19:46:50
635,Daniel Lewis,pstout@hotmail.com,2021-03-25T11:36:50
636,Tami Cobb,robertshelton@taylor-bishop.com,2024-12-26T17:50:10
637,Rebecca Wright,raymondmorgan@mitchell.com,2020-11-21T00:48:52
638,David Ramirez,msimpson@snow.com,2024-04-17T18:32:27
639,Mr. David Powell,elizabeth30@gmail.com,2024-01-14T11:25:57
640,Timothy Jackson,vickiecaldwell@hotmail.com,2024-02-04T12:48:07
641,Steven Jenkins,jonesjonathon@reed.com,2024-11-07T23:55:57
642,Joseph Larson,charlesferguson@hudson-harrison.com,2020-05-28T12:19:40
643,Terry Harrison,qsolis@hotmail.com,2024-08-06T06:56:31
644,Michael Henry,jeffreywilkins@yahoo.com,2022-05-08T08:37:23
645,Margaret Ashley,amartin@hotmail.com,2023-05-23T21:47:21
646,Gabrielle Collins,markgarcia@yahoo.com,2021-03-31T00:44:45
647,Jacob Meyers,mosesedwin@ward.com,2024-01-28T02:33:48
648,Jennifer Kennedy,jasonsherman@sawyer-murphy.com,2021-07-21T07:30:38
649,Michael Williams,kennethnorman@price.net,2022-04-07T02:55:19
650,Jon Perkins,kroberson@hotmail.com,2022-11-10T20:29:09
651,Diamond Nichols,pberry@hotmail.com,2023-06-01T01:22:09
652,Stefanie Cook,ydickson@yahoo.com,2020-12-24T13:45:15
653,Victor Beard,ncurtis@hotmail.com,2024-01-07T06:29:32
654,Makayla Castaneda,madisonburns@reynolds.biz,2023-02-09T11:48:27
655,Nicholas Bright,racheltrevino@gutierrez.com,2023-03-05T04:27:35
656,Brian Liu,thompsonlindsay@johnston.com,2022-06-27T04:16:12
657,Tammy Ramsey MD,mark04@clark.com,2020-08-06T17:31:21
658,Alexandria King,mark03@hotmail.com,2020-04-16T08:28:45
659,Christina Morris,sonya27@price.biz,2024-07-24T08:01:52
660,Barbara Wallace,nicholasgamble@hotmail.com,2024-06-30T14:16:45
661,Austin Hoffman,lancewest@poole.biz,2023-01-12T17:20:51
662,Rachel Martinez,garrett06@hotmail.com,2021-04-02T02:47:31
663,Erin Mayer,jhoward@gmail.com,2022-02-28T07:04:25
664,Daniel Gillespie,estephenson@compton.com,2022-06-03T11:39:27
665,Sabrina Garcia,paul84@hall.org,2025-04-08T10:46:34
666,Zachary Davis,patriciageorge@yahoo.com,2023-08-14T16:04:41
667,Tyler Pham,pwalker@gmail.com,2020-12-31T06:22:17
668,Jennifer Potts,catherine52@tran-gallagher.org,2022-03-31T15:21:19
669,Elizabeth Washington,enorton@hotmail.com,2022-06-26T08:52:56
670,Nancy Stone,wwatts@hotmail.com,2021-07-16T20:17:53
671,Toni Richardson,wrodriguez@gmail.com,2021-04-26T01:56:08
672,Matthew Rowe,benjamin67@baldwin-montoya.com,2021-06-02T15:57:27
673,Brianna Lutz,mariaperez@andrews.com,2022-02-12T23:32:27
674,Dustin Wallace,christopher14@yahoo.com,2024-11-05T05:34:27
675,Nicole Ball,maryschultz@graves-rice.info,2021-07-12T14:03:46
676,April Ryan,scottalvarado@williams.com,2022-07-01T20:00:35
677,Nathan Henry,tracy94@robinson.net,2021-02-02T16:41:23
678,Mr. Michael Walker,rodneyweber@gmail.com,2022-09-17T18:03:43
679,Nicholas Mejia,areed@stevenson.net,2022-11-22T01:58:24
680,Kristin Powell,chenmichael@yahoo.com,2023-03-31T02:46:43
681,David Bennett,sbaker@garcia.org,2023-03-17T15:16:59
682,John Johnson,tpeterson@mcdonald.com,2023-01-28T19:40:08
683,Dawn Kim,knoxmatthew@anderson.net,2020-07-08T15:10:18
684,Ryan Harris,timothyrose@hotmail.com,2020-08-07T23:01:32
685,Erin Gardner,melissaramirez@hotmail.com,2022-01-23T01:56:18
686,James Clayton,asweeney@boyd.com,2023-09-20T22:03:00
687,Kimberly Roy,watsonrichard@carter-russell.com,2024-06-11T01:07:18
688,Alyssa Adams,hernandeznancy@gmail.com,2020-07-19T07:30:04
689,Travis Morris,munozshawn@hotmail.com,2022-11-25T20:31:28
690,Kristin Petty,fgonzales@stone.com,2024-03-20T01:42:19
691,Jermaine Cross,dmitchell@yahoo.com,2023-11-27T19:38:57
692,Dr. Joseph Williams,fcrosby@gmail.com,2025-03-29T16:24:48
693,Mark Collins,tracy37@morris-pennington.biz,2020-11-07T23:44:48
694,Paula Rodriguez,carlhunt@hotmail.com,2024-12-05T11:38:10
695,Ryan Young,olsonapril@hotmail.com,2023-12-03T04:24:07
696,Jeffrey Perez,qprice@hotmail.com,2024-01-10T00:40:48
697,Linda Martinez,kyle72@gmail.com,2020-09-23T07:49:37
698,Cody York,turnerbernard@gmail.com,2023-11-03T16:38:18
699,Abigail Mckee,scottjohnston@farmer.info,2022-07-22T07:00:58
700,Kevin Johnson,wjohnson@hotmail.com,2020-12-09T15:40:56
701,Richard Gilbert,xalvarado@wise.biz,2021-04-09T07:07:38
702,Sean Duncan,jimenezandrew@hotmail.com,2022-04-04T05:32:07
703,Terry Richards,dwilliams@gmail.com,2023-03-15T16:54:51
704,Robert Wagner,donaldphillips@yahoo.com,2023-09-20T05:03:26
705,Jonathan Ward,jchambers@yahoo.com,2020-02-13T03:21:28
706,Christina Hatfield,diane30@yahoo.com,2021-02-14T18:02:28
707,Carlos Lawson,petersenadam@clarke.com,2023-08-31T11:37:26
708,Erin Adkins,lisa81@wright-munoz.com,2024-12-25T04:26:22
709,Crystal Franklin,tammy79@mueller.net,2025-01-08T07:11:23
710,Alexandra Padilla,david43@gmail.com,2022-09-01T06:44:26
711,Matthew Sharp,reginaharris@dominguez-walker.info,2024-04-03T22:44:50
712,Lisa Walton,katieayers@burns-hendricks.biz,2023-06-27T11:19:18
713,Bryan Thomas,johnsonamanda@hotmail.com,2022-04-17T16:28:20
714,Melissa Hernandez,johnsonamy@yahoo.com,2022-03-18T12:41:55
715,Teresa Andrade,michael32@yahoo.com,2020-02-21T14:39:16
716,Jonathan Thompson,kelsey19@walton.biz,2022-05-18T16:27:49
717,Dr. Scott Hodge,owebb@yahoo.com,2021-01-09T18:22:00
718,Kelsey Calhoun,joshuaward@gmail.com,2021-05-15T10:30:02
719,Zoe Bryant,leekenneth@rose.com,2023-03-26T02:56:06
720,Tammy Williams,beasleydonald@warner.com,2023-01-09T15:45:53
721,Emily Humphrey,pbartlett@hotmail.com,2025-01-26T01:25:56
722,Isaiah Thompson,mpetty@martinez-johnson.net,2024-04-29T17:51:48
723,Rachel Booth,etyler@yahoo.com,2023-02-22T07:21:53
724,Miss Maria Marquez,tapiatravis@everett.com,2022-09-09T04:37:43
725,Nicholas Brown,murphytiffany@nolan-williams.com,2022-02-25T10:41:23
726,Timothy Riley,joseramirez@hotmail.com,2021-01-06T19:26:15
727,John Robbins,qvargas@campbell-dougherty.com,2020-10-30T11:34:38
728,Carol Campbell,millerashley@gmail.com,2020-09-10T17:09:57
729,Jessica Oconnor,ysingh@rose.info,2024-05-13T08:45:11
730,John Pierce,mirandamark@gmail.com,2023-03-11T20:31:41
731,Julie Curry MD,williamsaaron@evans-morrow.biz,2022-06-24T07:51:03
732,Nicole Newman,scottsalazar@yahoo.com,2024-09-23T15:32:53
733,Mary Mitchell,hcannon@davidson.com,2024-06-02T07:49:57
734,Mrs. Julia Cole,dcook@baker-bird.org,2025-02-17T17:31:42
735,Paul Green,cynthia63@cox.net,2022-01-25T11:32:44
736,Mikayla Burke,billywilson@williams.net,2021-01-30T21:30:40
737,Roy Horn,laura89@brown-cameron.net,2021-04-10T23:47:57
738,Brian Simpson,amy51@yahoo.com,2020-05-09T02:35:28
739,Ashley Watkins,james34@young.com,2020-12-15T22:54:11
740,Michelle Moreno,jon89@lee.com,2021-08-23T12:03:32
741,Amanda Escobar,david71@ruiz.biz,2021-09-10T08:35:30
742,Monique Turner,hensonthomas@gmail.com,2021-06-11T07:54:52
743,Mr. Alexander Vargas,mparker@gmail.com,2022-03-15T03:04:09
744,Becky Moore,hharris@hotmail.com,2021-06-15T06:56:13
745,Xavier Osborne,samanthafrazier@young-hines.com,2021-06-19T00:40:53
746,Joseph Carter,kristen95@gmail.com,2022-10-16T22:52:54
747,Paula Patterson,vperkins@bennett.com,2023-03-29T20:09:28
748,Michele Garner,davidbell@gmail.com,2022-01-23T01:54:49
749,Debbie Conway,tyler52@hotmail.com,2023-03-15T15:59:17
750,Edward Barnes,torreskristin@williams-barnes.com,2024-04-06T01:40:12
751,Autumn Smith,mark18@white.com,2020-09-30T08:37:32
752,Karen Watkins,kevinramos@gmail.com,2022-04-23T05:11:10
753,Christina Butler,kristi50@gmail.com,2020-08-03T14:27:42
754,Angela Holmes,barnesbenjamin@hotmail.com,2024-12-27T06:20:31
755,David Pierce,qchavez@hotmail.com,2024-04-04T10:19:02
756,Jessica Taylor,brittneyshah@gmail.com,2020-08-08T01:02:29
757,Anthony Pierce,dawn39@pierce.org,2023-12-05T12:13:27
758,Maureen Richards,vjackson@trujillo-potter.com,2023-02-04T10:15:09
759,Michael Mullins,farleysandra@harris.com,2022-08-04T12:21:44
760,Traci Thomas,shelia82@williams.com,2020-01-08T11:35:34
761,Brendan Jackson,wilsontammy@gmail.com,2020-04-12T06:55:39
762,Rebecca Williams,christopher83@yahoo.com,2021-11-05T22:38:42
763,David Ortiz,lindabates@yahoo.com,2025-02-18T04:45:40
764,Stacy Sanders,smitherica@hotmail.com,2021-09-15T11:07:42
765,Jacob Green,timothyhernandez@shaffer.org,2021-07-20T22:17:12
766,Robin Jackson,robin40@rogers.com,2022-09-26T11:14:11
767,Christopher Wood,millerluke@yahoo.com,2021-12-21T21:47:21
768,Amanda Gonzalez,jenniferwolf@hotmail.com,2023-05-12T01:59:31
769,Wendy Rasmussen,darrylscott@singh.com,2022-08-07T10:56:44
770,Robin Adams,john42@hotmail.com,2022-05-03T16:44:19
771,Paula Turner,jennifer49@hotmail.com,2024-08-05T16:45:10
772,George Hartman,osbornekatie@evans.com,2024-10-27T19:33:18
773,Molly Nelson,jacksonphilip@reyes.com,2021-03-13T13:14:17
774,Daniel Mckinney,rebecca40@yahoo.com,2021-10-07T09:54:29
775,Timothy Mcdonald,jimmyclark@gmail.com,2023-05-10T03:57:25
776,Jennifer Bailey,kerri21@yahoo.com,2024-04-26T20:20:27
777,Brittany French,pattersonjason@gmail.com,2021-08-13T07:10:14
778,Sheryl Thomas,porterariel@hotmail.com,2024-03-07T04:48:54
779,Elizabeth Walker,heatherdawson@gmail.com,2023-07-17T04:53:18
780,John Lamb,carlyharris@gmail.com,2025-04-18T08:33:24
781,Samuel Moore,wmoore@yahoo.com,2022-04-16T09:42:07
782,Todd Cole,kathleenrogers@yahoo.com,2020-08-16T20:10:18
783,John Cowan,charles49@moore-haney.net,2024-11-15T04:53:49
784,Joel Nunez,patelsandra@hotmail.com,2022-05-04T15:03:24
785,Jessica Pearson,michael61@scott.com,2023-08-12T12:51:15
786,Parker Garza,morsemonique@gmail.com,2020-05-27T19:39:53
787,Brittney Bender,simmonsjessica@black-montgomery.org,2021-03-15T05:40:15
788,Paul Odonnell,wfischer@wallace-hart.com,2022-03-18T16:25:44
789,Louis Moore,randallespinoza@yahoo.com,2021-05-04T20:00:02
790,James Hamilton,hmckay@yahoo.com,2020-02-11T18:36:29
791,Sandra Leach,gordonnancy@paul.com,2021-09-25T09:05:36
792,Kyle Kelley,obarton@hotmail.com,2020-07-07T00:05:46
793,Catherine Moreno,cyoder@lindsey-blanchard.info,2023-08-12T08:26:25
794,Daniel Rocha,ewingjoyce@gmail.com,2022-07-29T12:04:15
795,Kimberly Gonzalez,michaelhudson@gmail.com,2023-01-03T13:06:34
796,Brandi Hutchinson,mhancock@hotmail.com,2023-01-02T14:30:17
797,Karen Phillips,thall@hotmail.com,2023-04-25T16:25:00
798,Kathleen Fritz,jake62@martinez.com,2022-07-07T09:29:48
799,Kenneth Nguyen,morganpatel@yahoo.com,2021-11-04T15:49:21
800,Dr. Daniel Waters,joshuagilbert@yahoo.com,2023-11-14T12:14:10
801,David Costa,mayaustin@yahoo.com,2024-10-23T03:43:08
802,John Cummings,brookezuniga@yahoo.com,2021-03-23T17:26:54
803,Brenda Garrett,amartinez@brown.com,2022-05-25T06:20:21
804,Katelyn Rodriguez,rossjoseph@hotmail.com,2020-12-16T02:34:50
805,Carlos Rivera,xmoore@gmail.com,2022-06-06T19:59:57
806,Kevin Dennis,smithshane@blake.com,2020-08-31T11:43:44
807,Adam Baker,andrewwilson@yahoo.com,2024-06-09T22:48:36
808,Christina Elliott,greeneangela@gmail.com,2022-07-05T02:51:25
809,Jillian Barnes,anthony87@gmail.com,2023-03-16T04:13:47
810,Jeffrey Chapman,alexander89@yahoo.com,2023-02-06T22:29:07
811,Shannon Lynch,gwhitehead@hotmail.com,2023-06-27T01:36:13
812,Katrina Sanchez,gcole@hotmail.com,2021-11-29T06:20:27
813,Lisa Sims,crystal06@hotmail.com,2025-03-03T21:01:33
814,Marissa Suarez,brianaperez@short.com,2021-05-16T07:23:25
815,Melissa Ingram,thomascharles@clark.com,2022-10-19T22:34:08
816,Patrick Fisher,rubioandrea@hotmail.com,2020-02-05T06:18:35
817,Kevin Patterson DDS,jacqueline17@yahoo.com,2021-01-30T18:13:35
818,Mr. Robert Patel,andrew98@gill-weaver.com,2024-01-19T12:15:49
819,Thomas Young,holly39@serrano.org,2021-12-06T14:36:20
820,Dr. Todd Carlson MD,jennifersmith@gmail.com,2022-02-22T08:46:48
821,Valerie Thompson,brandon37@hotmail.com,2022-05-16T13:12:48
822,Anthony Harding,paulajackson@gmail.com,2022-05-05T06:41:12
823,Kristy Mckinney,kenneth95@yahoo.com,2023-08-29T16:30:44
824,Mark Mitchell,jason91@torres.com,2023-01-16T04:40:53
825,Kara White,jperkins@hotmail.com,2022-05-02T10:39:23
826,Tiffany Bond,heatherbrown@williams.net,2021-02-14T14:27:28
827,Terry Collins,griffithpaul@yahoo.com,2024-01-20T13:55:40
828,April Johnson,joseph66@meyers.org,2024-12-08T10:46:06
829,Dustin Brown,evansjennifer@johnson.com,2024-01-01T23:00:00
830,Hannah Evans,farmerjennifer@hotmail.com,2023-05-11T12:09:41
831,Rose Cunningham,larryrichardson@hotmail.com,2023-05-07T22:39:39
832,Nicholas Bryan,taylorrobert@leonard.com,2022-12-18T09:29:25
833,Ricky Contreras,stephanie18@stewart.com,2021-12-08T18:38:13
834,Luke Bond,durandavid@murphy-crawford.com,2024-05-19T08:09:31
835,Kurt Jordan,harrisalison@castro.com,2024-09-25T16:19:53
836,Bruce Cooper,margaret52@gmail.com,2020-08-10T09:32:05
837,Ashlee Rose,salinasbethany@rodriguez.com,2020-10-16T14:18:10
838,Autumn Middleton,romeroantonio@leblanc-johnson.com,2021-06-17T17:52:03
839,Daniel Allen,jessica43@hotmail.com,2022-06-03T15:44:00
840,John Cruz,singletonjohn@lewis-williamson.com,2023-09-27T16:15:30
841,Jerry Dawson,monicasharp@gmail.com,2020-04-01T06:12:41
842,Laura Cisneros,gshields@yahoo.com,2025-02-01T06:43:11
843,Brittany Davis,rmiles@sanders.com,2023-02-21T23:57:46
844,Mrs. Valerie Holt,nwright@yahoo.com,2021-10-31T17:54:16
845,Michael Rollins,shelby98@gmail.com,2023-10-14T00:03:24
846,Dr. Mark Calhoun,neverett@gmail.com,2024-12-15T19:57:03
847,Brian Gill,michael05@johnson-barrett.biz,2024-01-12T15:47:10
848,Diana Gross,linda07@hotmail.com,2021-04-27T14:37:18
849,Michael Gray,ztucker@hotmail.com,2024-12-12T13:17:18
850,Aaron Thomas,ronald31@gmail.com,2020-04-11T12:40:43
851,Mark Smith,greenebilly@yahoo.com,2021-05-01T06:55:25
852,Eric Soto,sheila92@hotmail.com,2023-10-18T23:30:26
853,Keith Stanley,amandaswanson@hotmail.com,2023-09-29T19:37:13
854,Mrs. Cynthia Smith,penaamanda@hotmail.com,2022-05-19T06:47:00
855,Jeffrey Powell,harrisoneric@gmail.com,2021-12-07T04:30:40
856,Glenn Williams,psullivan@gmail.com,2023-03-26T17:41:33
857,Mark Andrews,wolfematthew@lin.com,2021-02-25T16:24:31
858,Sarah Higgins,lsmith@yahoo.com,2023-09-17T17:29:59
859,Ashley Adams,nicolemartin@gmail.com,2024-12-30T01:56:11
860,Jonathan Cunningham,fmcintosh@gmail.com,2024-12-07T16:51:24
861,Rodney Davis,daniel00@gmail.com,2020-04-15T04:08:00
862,Kayla Fleming,christopher19@yahoo.com,2021-10-23T12:06:24
863,Joshua Richardson,smithandrea@anderson.com,2024-12-09T10:37:17
864,Justin Lee,william24@gmail.com,2023-02-24T06:54:37
865,Allison Raymond,jenniferruiz@rhodes-sanders.com,2020-05-13T08:38:52
866,Mariah Calhoun,hollycontreras@yahoo.com,2022-03-30T14:04:27
867,Lisa Sanchez,carolyn85@yahoo.com,2023-10-01T21:15:32
868,Marissa Winters,jamie32@gmail.com,2020-04-27T17:54:32
869,Alex Taylor,hclark@thomas.net,2021-04-26T12:45:35
870,Joel Rodriguez,castillojohn@wolf.org,2020-12-18T18:24:37
871,Virginia Cruz,jeremy28@gmail.com,2024-02-17T09:06:37
872,Tracy Anderson,wardjennifer@hotmail.com,2023-06-29T01:10:40
873,Donald Scott,bryantanne@mack-oneill.biz,2023-08-10T07:20:27
874,Lori Baldwin,zachary69@yahoo.com,2021-06-17T20:04:08
875,Alexis Montoya,michael86@yahoo.com,2023-04-14T01:23:52
876,Lisa Pace,cookbrian@yahoo.com,2020-07-12T13:42:47
877,Erin Rivas,brookskristen@fox-cole.com,2020-10-18T17:26:16
878,Mr. Kevin Melendez PhD,tmurray@hotmail.com,2024-09-26T03:37:28
879,Michael Bowman,elizabeth69@taylor-olson.com,2021-12-13T23:12:45
880,Cindy Johnson,carla58@hotmail.com,2023-01-29T10:13:22
881,Kristina Cox,ortegakristin@yahoo.com,2022-03-06T11:55:09
882,Loretta Williams,smithann@little.com,2022-01-18T17:21:04
883,Steven Lambert,psanchez@gmail.com,2020-09-05T09:45:42
884,Jessica Porter,rebeccawatson@delgado.com,2022-04-05T11:01:29
885,Danielle Smith,yangkelly@gmail.com,2024-07-22T06:40:39
886,Jenny Davenport,tstevens@hernandez.com,2020-09-18T02:20:36
887,Keith Stevens,ujones@hotmail.com,2020-05-22T06:19:26
888,Megan Mitchell,holmesmichaela@jones-williams.net,2024-11-27T14:09:25
889,Jaime Adams,orozcobrittney@yahoo.com,2022-08-22T05:21:14
890,Anthony Huang,andersonjacqueline@hotmail.com,2023-04-24T17:24:31
891,Kelsey Curtis,petercosta@perez-hale.com,2025-01-05T19:30:28
892,James Hernandez,usalinas@yahoo.com,2024-02-15T06:15:20
893,Melanie Decker,mdaniels@good.com,2023-09-21T18:07:27
894,John Torres,hannah97@gmail.com,2023-08-09T10:52:54
895,Angela Barton,ihaynes@yahoo.com,2023-11-15T17:44:00
896,Samuel Dougherty,uortiz@campos.info,2024-07-15T21:52:20
897,Devon Butler,hannahroberson@mason.info,2024-10-06T21:47:32
898,Kristin Williams,pmartinez@bailey.info,2020-09-08T18:48:34
899,Lisa Jones,sabrinahernandez@pace.com,2023-08-30T21:34:12
900,Lindsay Flores,mitchell20@hotmail.com,2022-08-25T22:46:18
901,Howard Patel,jeremy63@johnson-anderson.com,2022-09-04T23:47:13
902,Charles Ramirez,zwood@yahoo.com,2022-07-10T07:29:46
903,Lacey Orr,rwhite@mcpherson-wagner.info,2024-04-26T18:46:18
904,Linda Jones,thomaslaura@price-brown.org,2024-01-11T13:52:24
905,Ricky Stevenson,qhernandez@schultz.biz,2023-08-14T00:27:11
906,Jonathan Martin,ghuff@hotmail.com,2020-04-29T16:41:07
907,Maria Cantrell,craiglowery@wells.com,2021-09-04T11:31:06
908,Kaitlyn Mendez,igallegos@yahoo.com,2020-03-30T19:17:23
909,Wendy Henry,zhamilton@gilbert.org,2023-11-03T10:24:23
910,Nicholas Newton,timothy60@weber.biz,2022-01-01T20:58:04
911,Rose Mendoza,dmccann@yahoo.com,2024-05-23T02:09:40
912,Sherri Melton,leonardsolis@gmail.com,2022-03-30T18:17:49
913,Eric Benjamin,lauren51@hotmail.com,2023-02-20T12:35:33
914,Angel Black,xsmith@yahoo.com,2023-08-14T00:07:50
915,Joanna Strickland,david67@gmail.com,2024-02-24T16:24:34
916,Marvin Rhodes,yrivera@yahoo.com,2020-08-10T16:10:51
917,Jonathan Hanson,smithdavid@hotmail.com,2024-02-09T13:02:51
918,Monica Sloan,paul56@brown-nelson.biz,2022-07-15T08:56:33
919,Rachel Riggs,kathleennorris@hotmail.com,2024-09-14T07:07:59
920,Victoria Bryan,patriciamendoza@gmail.com,2022-11-12T16:35:59
921,Charles Miller,lindachaney@gmail.com,2021-07-28T13:15:20
922,Alex Rangel,helen03@hotmail.com,2020-07-01T04:14:33
923,Emma Cox,ulawrence@yahoo.com,2021-04-16T16:16:13
924,Jordan Thomas PhD,melissacantrell@oconnell-nichols.com,2024-03-21T17:17:15
925,Kristina Rogers,micheleoconnell@yahoo.com,2020-02-20T06:28:42
926,Elijah Richards,brianwilliams@watkins.com,2021-05-16T22:06:33
927,Amy Dunn,lawrencekristen@guerrero.com,2024-10-20T13:01:01
928,Bradley Gill,wallacechristopher@yahoo.com,2021-02-04T17:12:01
929,Anne Mccoy,sally57@mckinney.com,2024-10-10T16:56:34
930,Tammy Robinson,billygreene@yahoo.com,2023-05-23T12:56:49
931,Larry Rhodes,stephanie69@yahoo.com,2023-04-09T12:35:51
932,Juan Lowery,gerald88@smith.com,2020-09-22T01:03:25
933,Shari Frank,felicia06@harmon-patterson.com,2024-03-27T15:08:48
934,Mackenzie Hernandez,lcarney@meadows.com,2021-10-09T02:05:24
935,Martin Patterson,malloryrivers@burgess-west.com,2022-11-12T15:05:07
936,Jonathan Lutz,tina65@gmail.com,2020-12-10T20:01:21
937,Juan Moore,donnaboone@pittman.com,2020-06-25T05:09:28
938,Natalie Hernandez,fshelton@maxwell.biz,2022-04-15T19:45:00
939,Samantha Kramer,kim97@hotmail.com,2023-06-24T14:00:12
940,Shannon Potter,williambell@johnston-jackson.org,2023-12-12T05:53:36
941,Amanda Nelson,lewissarah@yahoo.com,2021-08-17T02:21:51
942,Kathryn Jacobs,andrew45@west-hardy.com,2020-04-02T04:11:45
943,Shawn Jones,domingueztyler@ryan.com,2021-04-03T19:24:55
944,Christine Fowler,pbarron@yahoo.com,2022-02-12T16:04:02
945,John Jimenez,jennifergonzalez@robertson-baker.biz,2021-02-26T14:40:57
946,Charles Hill,michael11@sanchez-harrison.info,2020-08-16T23:45:59
947,Daniel Carlson,zroberts@yahoo.com,2020-07-04T03:23:31
948,Peggy Li,colecharles@holmes-sanders.com,2021-06-07T10:17:08
949,Levi Fisher,michaelstout@gmail.com,2022-12-02T03:57:08
950,Jessica Carney,bishopdonna@gmail.com,2025-03-24T14:46:14
951,Debra Knox,tdavis@jackson.com,2021-09-05T23:15:22
952,Jose Ortiz,johnshort@roy-huff.info,2023-12-14T16:40:23
953,Leroy Gardner,jstein@rodriguez-hernandez.com,2025-03-16T18:02:55
954,Dean Miller,jessica51@yahoo.com,2020-01-22T11:30:51
955,Shawn Salazar,hgonzales@yahoo.com,2022-11-13T20:05:13
956,John Jones,michelle38@gmail.com,2023-12-20T22:42:49
957,Joshua Ramirez,rachael60@sellers.net,2024-06-17T16:24:21
958,Beth Olson,mercadoantonio@lopez-ford.com,2020-07-11T15:10:36
959,Patricia Lucas,fwilliamson@thompson-bernard.com,2023-03-11T05:06:30
960,Chad Bell,reedmichael@hotmail.com,2022-07-01T17:38:57
961,Douglas Gonzalez,edward82@flores-davis.com,2021-08-09T20:55:47
962,Troy Deleon,seanmiller@gmail.com,2020-01-10T22:28:33
963,Holly Mullins,floreskaren@sims.com,2020-09-24T09:22:07
964,Angela Lawson,candaceevans@harper.com,2021-07-11T21:16:09
965,Joshua Bonilla,nbarton@gmail.com,2023-02-02T04:22:48
966,Peter Rodriguez,browncharles@hotmail.com,2024-10-19T19:59:37
967,William Bennett,morrisrobert@king.com,2021-08-15T16:48:53
968,Crystal Cherry,xpayne@gmail.com,2023-08-21T04:33:52
969,Andrew Anderson,melissawilkerson@yahoo.com,2020-08-22T10:28:44
970,Cindy Peters,angela65@hotmail.com,2020-03-18T01:08:34
971,Jeffrey Haney,brittany98@hotmail.com,2020-06-20T16:43:22
972,Sarah Castro,cgiles@hotmail.com,2022-10-16T09:10:28
973,April Murray,kevinmahoney@hotmail.com,2022-06-18T00:54:05
974,Mary Costa,framirez@frazier.com,2022-04-25T04:13:26
975,Alyssa Holloway,jessica97@yahoo.com,2022-07-22T22:51:10
976,Mr. Bryan Watson II,jasonchavez@smith.biz,2023-12-01T06:45:05
977,Michael Johnson,eric47@yahoo.com,2023-11-23T18:16:06
978,Carol Moore,johnshelton@watson-jordan.org,2024-03-05T01:09:52
979,Patrick Carey,hornejulian@yahoo.com,2025-04-16T02:51:15
980,Toni Robles DDS,amandastevens@gmail.com,2023-11-30T17:31:39
981,Ralph Campbell,michaelwhite@gmail.com,2023-09-19T15:55:21
982,Mary Haynes,smithjason@gmail.com,2023-10-03T03:08:36
983,Teresa Simpson,friedmananthony@delgado.com,2023-04-16T13:28:47
984,Kerry Crane,woodsjennifer@reyes.com,2023-07-30T16:40:56
985,Daniel Miller,alyssa88@yahoo.com,2024-06-04T03:46:07
986,David James,millersharon@hotmail.com,2024-06-12T04:09:55
987,Jared Huffman,brownjohn@hotmail.com,2023-03-10T00:33:10
988,Alison Williams,tiffanybailey@yahoo.com,2025-03-29T05:46:36
989,Suzanne Munoz,kleinkaitlin@gmail.com,2024-11-25T18:58:07
990,Herbert Campbell,leah81@kennedy-ward.com,2021-09-23T00:57:42
991,James Davenport,chad82@hotmail.com,2022-08-24T00:40:10
992,Jennifer Guzman,carriehunt@ingram.net,2024-01-04T04:52:13
993,Jennifer Miller,dkelly@williams.net,2022-05-05T07:02:37
994,Chloe Montoya,sarah03@collins-mata.net,2024-10-24T17:48:42
995,John Edwards,terri78@yahoo.com,2022-08-04T10:02:36
996,Christopher Jackson,pearsoncatherine@hotmail.com,2023-01-28T20:02:54
997,Terry Williams,tracyingram@hernandez.com,2025-01-05T08:56:47
998,Jennifer Salazar,robertharrington@davis.com,2020-07-18T00:51:46
999,Sarah Lee,brandy36@yahoo.com,2025-04-01T16:03:09
1000,Sandra Larsen,jboyd@yahoo.com,2021-05-07T01:47:44
1001,Dr. Margaret Phillips DDS,abigailthompson@allen.com,2023-07-24T03:24:36
1002,Francis Thomas,michellepierce@weaver.com,2023-06-05T14:37:48
1003,Kevin Johnson,kimberlypage@gmail.com,2024-10-21T21:28:57
1004,Kimberly Torres,rileybetty@gmail.com,2021-04-12T10:04:30
1005,Tommy Anderson,knoble@marshall-hart.biz,2021-11-06T10:16:45
1006,Kenneth Stewart,williamsmith@yahoo.com,2023-11-20T16:52:17
1007,Tiffany Moore,kellyjohn@simon-hill.org,2024-06-27T04:58:11
1008,Melanie Contreras,jsmith@olsen.com,2021-04-24T21:42:45
1009,Kimberly Buckley,saradavis@gmail.com,2021-11-03T09:56:09
1010,Stephanie Hamilton,fishermichael@harris.com,2020-04-23T14:38:24
1011,Erica Benton,lgross@fernandez.com,2025-04-08T16:04:19
1012,Heather Gamble,wilsonsusan@herman.com,2021-07-31T20:53:24
1013,William Small,yhall@yahoo.com,2022-01-14T13:59:36
1014,Jason Edwards,sanchezjoseph@gmail.com,2024-11-20T23:54:51
1015,Kari Leon,simpsonjeffrey@matthews.com,2022-11-29T09:31:47
1016,Kimberly Boyd,boydpaul@hill.com,2020-08-16T00:42:12
1017,Denise Garcia,knighttaylor@hotmail.com,2024-04-11T07:52:58
1018,Robin Day,uhayes@yahoo.com,2022-11-07T15:39:26
1019,Phillip Cox,morgan50@kelly-walton.com,2021-10-23T02:33:14
1020,Richard Williams,krystal61@bonilla.com,2020-02-03T22:29:17
1021,Michelle Prince,michael53@yahoo.com,2022-10-15T14:08:14
1022,Jerry Hudson,scott03@baldwin-delgado.info,2020-02-04T08:40:39
1023,Taylor Fisher,daywanda@dominguez.biz,2020-02-20T08:22:56
1024,Samantha Morgan,figueroadavid@gmail.com,2024-11-23T23:51:18
1025,Kathryn Williams,eboyle@green-chan.com,2021-02-05T08:19:49
1026,Brittney Carter,daniel25@hotmail.com,2020-01-27T13:48:57
1027,Alvin Bryan,hfigueroa@gmail.com,2021-10-22T19:49:07
1028,Veronica Dorsey,mariadudley@yahoo.com,2021-10-26T14:04:25
1029,Matthew Mason,john77@hotmail.com,2024-09-11T07:07:18
1030,Olivia Ibarra,atkinsondavid@yahoo.com,2020-08-30T00:06:13
1031,Holly Schneider,bcabrera@gmail.com,2020-12-05T19:01:03
1032,Courtney Short,alanphillips@johnson-webb.com,2025-01-18T03:44:15
1033,Norma Lawrence,ylee@gmail.com,2022-07-05T23:12:25
1034,Andrea Ingram,katherinefrancis@bautista-taylor.com,2022-11-18T20:40:28
1035,Kimberly Anderson,pparker@hotmail.com,2020-07-20T01:13:32
1036,Richard Nichols,nvance@cruz.org,2021-04-15T02:32:04
1037,Lauren Sims,ywilson@harris.org,2022-11-08T05:25:34
1038,Lisa Salazar,marthacooper@barrera.com,2021-03-23T07:40:17
1039,Tammy Smith,clong@garrett.com,2022-07-28T07:35:55
1040,Miss Breanna Keith,gabriellekim@jones.org,2020-03-13T01:18:59
1041,Sara Garrison,tannermelissa@hotmail.com,2022-05-08T09:50:30
1042,Jessica Edwards,dorisdaniel@yahoo.com,2021-02-28T16:26:39
1043,Ronald Shelton,shawnosborne@mahoney-kim.com,2023-03-22T22:24:14
1044,Michael Mcintyre,jillcordova@maxwell.com,2021-04-29T22:25:24
1045,Robert Warren,zmarsh@taylor.biz,2024-01-20T22:51:42
1046,David Gonzalez,stevensnathaniel@yahoo.com,2022-11-05T08:30:46
1047,Kim Allen,seth63@yahoo.com,2024-07-19T04:08:45
1048,Oscar Gillespie,lrichards@wells-bradley.com,2020-07-18T22:22:45
1049,Alan Howell,amywright@hotmail.com,2024-04-23T08:13:03
1050,Michelle Elliott,brian87@anderson.biz,2020-07-11T21:12:53
1051,Curtis Cook,patricia78@gmail.com,2020-02-15T22:14:32
1052,Sara Lee,uwolf@gmail.com,2023-02-23T19:05:12
1053,Alex Hudson,rblake@yahoo.com,2023-07-02T00:41:52
1054,Tony Johnson,nicole13@maynard.info,2023-10-01T20:37:54
1055,Hailey Hayden,chungaustin@yahoo.com,2024-10-17T11:24:11
1056,Joseph Lee,nicholas91@hotmail.com,2022-09-12T17:27:49
1057,Dennis Sandoval,wendysalazar@villarreal.org,2021-05-07T01:43:56
1058,Anthony Nguyen,hernandezmichael@clark.biz,2024-01-23T07:59:34
1059,Jennifer Snyder,gglover@gmail.com,2024-10-13T13:15:07
1060,Rebecca Cooper,whitejoseph@gmail.com,2020-01-04T06:49:47
1061,David Thompson,wbaldwin@hotmail.com,2022-08-17T01:13:34
1062,David Shields,kendragrant@oconnor.com,2024-11-17T15:28:48
1063,Adrian Stevenson,hughesphillip@yahoo.com,2022-06-26T15:22:59
1064,Angela Walsh,hartvalerie@hotmail.com,2021-07-19T02:59:37
1065,Elizabeth Lee,matthew64@rowe.com,2022-07-22T11:03:37
1066,Mr. David Rivera,kylewhite@roberts-mcmahon.biz,2022-03-27T13:32:21
1067,Dean Hunt,michelle80@gmail.com,2021-12-14T00:58:27
1068,Veronica Allen DVM,rburton@gmail.com,2025-01-30T23:46:43
1069,Joseph Lam,pmiller@cox-wilson.com,2021-06-13T13:49:20
1070,Jaime Velazquez,brenda94@yahoo.com,2020-10-01T21:01:29
1071,Dorothy Baker,austin20@grimes.com,2023-12-19T21:17:00
1072,Nancy Bright,aprilwong@hotmail.com,2021-09-22T20:08:41
1073,Joseph Pittman,oallen@rogers.com,2023-05-31T20:53:01
1074,Christine Figueroa,owallace@ferguson-johnston.com,2021-10-26T18:08:55
1075,Christopher Nguyen,joshua79@gmail.com,2022-01-13T15:06:35
1076,Randall Cole,edwardsjoseph@gmail.com,2022-03-02T17:42:10
1077,Brian White,ericpowers@bautista.biz,2022-04-10T09:15:57
1078,Courtney Carter,lisarichardson@hotmail.com,2024-11-27T00:16:28
1079,Sherry Rose,ortizdavid@gmail.com,2025-04-10T21:44:33
1080,Christopher Liu,gjames@harper.biz,2020-03-22T15:00:30
1081,Eric Johnson DDS,sierra05@scott-king.com,2022-12-15T09:53:12
1082,Shawn Ramos,angelajennings@schultz-pierce.com,2020-09-05T05:11:38
1083,Mark Ray,vbenton@yates.net,2021-04-21T20:15:50
1084,Michael Banks,edwardedwards@yahoo.com,2023-01-07T06:43:54
1085,Brittany Hubbard,njackson@yahoo.com,2022-10-22T11:02:18
1086,Emily Browning,cohenadam@sanchez-richardson.com,2022-10-21T00:03:41
1087,Sarah Murray,edgar11@yahoo.com,2024-10-09T04:45:13
1088,Melissa Johnson,hebertjoanne@travis.org,2024-10-22T09:30:05
1089,Michelle Wagner,gregorywalker@gmail.com,2020-11-15T11:05:20
1090,John Nelson,nking@hotmail.com,2022-01-10T00:26:44
1091,Spencer Vaughan,thompsonrichard@gmail.com,2020-01-21T08:09:14
1092,Joseph Garrett,cassandra73@hotmail.com,2023-10-21T04:44:41
1093,James Ellis,tammyparks@rodriguez.org,2021-09-05T18:11:54
1094,Timothy Murillo,jose49@gmail.com,2023-01-30T22:22:46
1095,Christopher Warren,johnsonjonathan@yahoo.com,2021-04-19T22:26:24
1096,Jeffrey James,wallacekenneth@moore.com,2024-04-03T01:58:12
1097,Sharon Bates,john47@mayo.com,2020-10-27T01:52:55
1098,Carl Palmer,tammysmith@gmail.com,2024-10-10T23:06:40
1099,Christopher Shannon,kyleatkinson@patrick-hernandez.info,2022-12-28T10:27:59
1100,Patrick West,hking@davis-campbell.com,2021-11-29T23:23:27
1101,Jeffrey James,wallacekenneth@moore,2024-04-03T01:58:12
1102,Sharon Bates,john47@mayo:com,2020-10-27T01:52:55
1103,Carl Palmer,tammysmith@gmail,2024-10-10T23:06:40
1104,Christopher Shannon,kyleatkinson@patrick-hernandez..info,2022-12-28T10:27:59
1105,Patrick West,hking@davis-campbell..com,2021-11-29T23:23:27
